	SRR6915092_500K_merged_Abundance.RPKs	SRR6915093_500K_merged_Abundance.RPKs	SRR6915094_500K_merged_Abundance.RPKs	SRR6915095_500K_merged_Abundance.RPKs	SRR6915096_500K_merged_Abundance.RPKs	SRR6915097_500K_merged_Abundance.RPKs	SRR6915098_500K_merged_Abundance.RPKs	SRR6915099_500K_merged_Abundance.RPKs	SRR6915100_500K_merged_Abundance.RPKs
PHOSLIPSYN-PWY	3.163766563919286e-05	4.045184324022001e-05	0.00010731223667231334	0.00014264515151054033	0.00014165827065850195	5.931435934597978e-05	0.00016129155430570074	7.244521753588116e-05	4.975658290329457e-05
PWY-5981	3.9111491064035835e-05	3.213873451259044e-06	3.605352539629041e-05	3.625833608773434e-05	0.00012521938194445714	2.839209707539618e-05	0.0001557767147196335	5.70649208954298e-06	1.574659033191751e-05
PWY0-1319	6.137414301073719e-05	5.8721093211935155e-05	0.00016375489854614407	0.00013897278714978278	0.00012957152474484101	0.00010823395533370969	0.00015674979101978247	0.00010224975514861934	7.436879117015367e-05
PWY4FS-7	2.2369768475523232e-05	2.4768506646262295e-05	8.16836251147787e-05	0.00013251557722726828	0.00013875119273607474	4.5684882937080143e-05	0.00015443189840163362	7.705763364329256e-05	4.024829146269628e-05
COLANSYN-PWY	2.1492759118861843e-05	1.9787470490074016e-05	0.00011940346046994953	3.9476189555509364e-05	6.79604770078941e-05	4.0877887974287696e-05	6.964077584120731e-05	6.916550180333301e-05	3.424960216302286e-05
GLUCONEO-PWY	4.2772537078452875e-05	4.562292738713931e-05	0.0001276563707614986	0.00016571035240355245	0.00016346583798258318	5.273625658492911e-05	0.00017116855591160426	3.9977434926989355e-05	4.558741300319407e-05
PWY-7115	3.44329743481716e-06	5.085289940061872e-06	6.7062843590436995e-06	6.58114804559381e-05	7.805936601964452e-05	5.566050610422887e-06	6.058625832251165e-05	1.6517253672808868e-05	2.0335669652018015e-05
P163-PWY	3.69828336532003e-08	4.755876500133092e-08	4.8054947624918736e-08	4.511887183494592e-08	2.377956404448764e-08	4.782458616225456e-08	4.897523917840231e-08	5.03494915226955e-08	4.562622598588964e-08
1CMET2-PWY	6.411157626403925e-05	0.00013078760549843963	0.000148566537189038	0.00013188358344939783	0.00016505155896647935	9.725423156846357e-05	0.00016149282730219328	9.842764068407772e-05	7.89557862176946e-05
PWY-2201	4.2018781252837085e-05	4.1655168077682604e-05	7.824967157581192e-05	7.526714895369046e-05	8.194387150500369e-05	9.777591396165337e-05	0.0001261958214633009	9.866866938406181e-05	8.431784358635118e-05
PWY-3841	8.59241035372653e-05	0.00014694477614759225	0.00014453013647156747	0.00010606372157460483	0.00015145412462943343	0.0001431505666559697	0.00014852154394393835	0.0001229785696495302	8.482413443211957e-05
PWY-5345	7.743186783679385e-06	1.109230217505769e-05	0.00011787046964777596	0.00010185360175319538	0.00014831762625963085	1.368204298592877e-05	0.00017240972272567168	3.9140401604008405e-05	7.383475253879762e-06
PWY-821	2.497245760973574e-06	3.811757801661017e-06	8.693708844884354e-05	6.482923053026957e-05	9.705815242440649e-05	3.4496170906754346e-07	0.00011203957979774447	1.922553468237595e-05	9.55680511743546e-07
PWY1ZNC-1	3.1776056305273375e-06	5.117753604590591e-06	6.423445408935666e-05	9.147760004394202e-05	0.00016020679092436897	5.750942101705438e-06	0.00016545880714047287	1.7146923462292042e-05	2.8851181812350558e-06
SO4ASSIM-PWY	3.1776056305273375e-06	5.117753604590591e-06	9.225926500051162e-05	0.0001826514758787205	0.0002177267195572024	5.750942101705438e-06	0.00023921187571999722	2.5695971752535804e-05	2.8851181812350558e-06
SULFATE-CYS-PWY	6.172188851549556e-06	1.031100993303744e-05	8.351310494509928e-05	0.00015470950357663417	0.0001908653465716367	1.1204758048081192e-05	0.0002103120020860906	2.6339455090437153e-05	6.169403913247819e-06
CALVIN-PWY	4.538862515836321e-05	6.610751820244768e-05	0.00013965050314660707	0.00015884026057817516	0.00030908739265302494	6.196605976078396e-05	0.00029431966939182265	9.472204456254061e-05	0.00010413396370320837
NONOXIPENT-PWY	2.6544357483814163e-05	2.660549063458202e-05	0.00021319184945736583	0.0003043731587616688	0.0003346947862167212	2.6731536455742193e-05	0.0003420573067586848	4.72907794146539e-05	6.64223272514998e-05
P124-PWY	2.0091542447968118e-09	2.0091633210049405e-09	2.0091964009934106e-09	7.388327010452732e-06	2.009202033639307e-09	2.0091712073511566e-09	1.1349877554642849e-05	2.872122074972797e-07	2.9307493769363087e-08
PENTOSE-P-PWY	1.9194896959149176e-05	2.5929432410533055e-05	0.0001705019983557759	0.00024452571549281343	0.0001770314487497011	2.773659814517946e-05	0.00017657518528332983	3.268641758329607e-05	5.476836447091709e-05
PWY-6901	1.9813245116252563e-05	2.337309388863949e-05	0.00010865230187663197	0.00012361632911853554	0.00015567335531674564	3.264160358328715e-05	0.0001303245264090549	2.4289145764508442e-05	4.119594907343269e-05
PWY-8178	2.9932446354365504e-05	3.3930940882368065e-05	0.00017985337406720318	0.0002452290907484055	0.0003140007213867431	3.3668401526749326e-05	0.00031304936427300307	6.24716728798716e-05	8.270600725951106e-05
PANTO-PWY	8.65811043334739e-05	0.00010642959459251714	0.00013051982861045282	0.00010933174248860725	0.00015927740567970225	9.198179522001366e-05	0.00016849559988986172	9.366672888548171e-05	9.793198982479793e-05
PANTOSYN-PWY	5.2631159571155285e-05	0.00010878914358434566	9.971954122519136e-05	8.100849897859514e-05	0.00012090913118935676	8.999843878126718e-05	0.00014939951661503158	7.247809525265341e-05	8.590244025071947e-05
BRANCHED-CHAIN-AA-SYN-PWY	7.705847330939468e-05	0.00010021339997238548	0.0002103347949597004	0.00017795472264169705	0.00022296981058551207	0.00012080773202792371	0.00023340131350289817	0.00012920890319143358	0.00011604601128299539
P42-PWY	1.9790833798909906e-05	0.0	1.6378829578329904e-05	7.252175130313526e-06	1.358570915695462e-05	1.4385343284176222e-05	7.199301544945302e-06	3.246854861419498e-05	8.691085396040064e-06
PWY-6969	5.692114769884506e-05	2.2668988215446947e-05	0.00014047959356777747	0.00019512118499967026	0.00019006390996854816	2.735915990934707e-05	0.0001743894686886272	3.7154190045794454e-05	1.921953413023273e-05
P108-PWY	9.800457266201562e-06	1.3473597009832004e-05	2.086613466547462e-05	1.5126753058384113e-05	4.7385242672351595e-05	1.2268140755694238e-05	5.8520060791178395e-05	1.2829158907686131e-05	1.6052451357434038e-05
PWY-5154	3.2493703815779985e-05	3.485770861785213e-05	0.00010640157970828039	0.0001339248404702705	0.00020630596965994947	5.811629018864045e-05	0.00020988919892196361	5.5711938462773376e-05	6.246630086506697e-05
OANTIGEN-PWY	3.646135816387749e-05	5.8888616805114575e-05	5.267496163115254e-05	6.274527083127068e-05	8.909422855491197e-05	6.784365921578414e-05	0.00011210843180917323	2.508559553856095e-05	3.536586105853639e-05
UDPNAGSYN-PWY	2.794003696190197e-05	3.537797175390576e-05	3.9894556608727636e-05	0.00021304488524087563	0.0001839936406589526	5.335057586599494e-05	0.00023794825567207212	1.4561532864148846e-05	2.2751015328421515e-05
PWY-5973	6.365868324137626e-05	8.894522144438583e-05	0.00015374747440713413	0.00011988317485012199	0.00019128748041184868	6.0027598457150555e-05	0.00019792098247823703	8.066568714313909e-05	6.8745135914253e-05
FASYN-INITIAL-PWY	6.539557121925058e-05	1.7344771162401926e-05	8.49280011415697e-05	9.912301369426703e-05	0.00016524776819700125	8.325998559979387e-05	0.0001315388934613325	0.00011388564819655352	0.00010879865155785933
PWY-2941	2.0139558691631388e-05	1.8884732424494343e-05	0.00010558452558145378	3.697811155544543e-05	2.7056702416725455e-05	1.7179726845734197e-05	1.769562275625509e-05	1.744596504724214e-05	3.94990746901985e-05
PWY-6385	6.729122837123702e-05	0.00013452098427163079	0.00018276794837317916	0.00016765662708889033	0.00016949490070858501	0.00012443364985685216	0.0001862934847034443	0.00011356180806121113	0.00010513921241929386
ARO-PWY	6.106828741608611e-05	6.160580645761182e-05	0.0001349021622402493	0.00014197679216255963	0.00021758750104532498	0.0001371525082320699	0.0001985695429856427	0.00011458473570161569	0.00010172844723586263
COMPLETE-ARO-PWY	6.612752666520525e-05	6.74205403976784e-05	0.00014571202340773207	0.00014374530129121225	0.00021660141144473638	0.0001177359464324974	0.00020817387541548007	0.00011302557129721012	0.00010816535773807997
PWY-6163	5.6096463911863093e-05	0.00011362699721240996	0.0001347567270916538	0.0001276574063093451	0.00019834022057205528	0.00013232951765981813	0.0001781483569923141	0.00012687276103570458	0.0001336871899465298
PWY-6628	5.691937862611904e-05	5.593607217342809e-05	0.00010491409050278924	0.0001213017488125766	0.00018820925109598846	6.986736860832704e-05	0.000178975400254748	5.8316102449936625e-05	7.463536892573124e-05
PWY-6629	5.240786620999255e-05	5.9946045075333574e-05	0.00013434297639897927	0.00011667524185260246	0.00017056613998170546	2.6538372489693782e-05	0.00016539943231662094	7.495646343740541e-05	9.931706597159335e-05
PWY-6630	4.432244671116749e-05	2.2333910114244582e-05	7.549615481475624e-05	9.075266168729706e-05	0.0001844438163448831	3.353718218022187e-05	0.00016912739860093767	5.8316102449936625e-05	1.851928031323176e-05
PWY-5837	2.884544082651491e-07	1.753808730212881e-06	4.481217143497073e-05	7.996206873811555e-05	0.00010902278036268025	1.6541120800186063e-07	0.00010631959591420943	1.1238817299167371e-05	1.2912560124482205e-06
PWY-5838	9.72018191443066e-07	5.830363652275908e-06	8.965343433619433e-05	0.00012180829204159124	0.00014067141971731872	5.637836204846784e-07	0.00014646843430180401	2.9259842988769327e-05	4.198056362405689e-06
PWY-5840	4.41848250366927e-07	7.63390806372503e-07	5.5405733456394004e-05	0.0001121305994885308	0.0001382779023514071	3.4661191061609465e-07	0.00013682671416225456	1.8779537095273243e-05	3.939845659191353e-07
PWY-5845	4.41848250366927e-07	7.63390806372503e-07	5.5405733456394004e-05	0.0001121305994885308	0.0001382779023514071	3.4661191061609465e-07	0.00013682671416225456	1.8779537095273243e-05	3.939845659191353e-07
PWY-5850	4.41848250366927e-07	7.63390806372503e-07	5.5405733456394004e-05	0.0001121305994885308	0.0001382779023514071	3.4661191061609465e-07	0.00013682671416225456	1.8779537095273243e-05	3.939845659191353e-07
PWY-5860	2.9522501412052776e-07	5.097894940048465e-07	4.171579537593179e-05	0.0001007776404468775	0.0001328428921844415	2.3149720570442746e-07	0.00011805976346663933	1.3550367623149677e-05	2.631247881688429e-07
PWY-5861	6.512124574504053e-07	3.937779181752984e-06	7.33685493883638e-05	0.00011286668685906325	0.0001361819745947992	3.7697509197087495e-07	0.00012905508333610434	2.2129101709707545e-05	2.8528180816798747e-06
PWY-5862	2.9522501412052776e-07	5.097894940048465e-07	4.171579537593179e-05	0.0001007776404468775	0.0001328428921844415	2.3149720570442746e-07	0.00011805976346663933	1.3550367623149677e-05	2.631247881688429e-07
PWY-5896	4.41848250366927e-07	7.63390806372503e-07	5.5405733456394004e-05	0.0001121305994885308	0.0001382779023514071	3.4661191061609465e-07	0.00013682671416225456	1.8779537095273243e-05	3.939845659191353e-07
PWY-5897	8.582196924550953e-07	5.146752303286129e-06	8.45874140467751e-05	0.00011797982811459218	0.00014058505145325738	4.937871878714062e-07	0.000143502705236207	2.6962598238082567e-05	3.702461640151009e-06
PWY-5898	8.582196924550953e-07	5.146752303286129e-06	8.45874140467751e-05	0.00011797982811459218	0.00014058505145325738	4.937871878714062e-07	0.000143502705236207	2.6962598238082567e-05	3.702461640151009e-06
PWY-5899	8.582196924550953e-07	5.146752303286129e-06	8.45874140467751e-05	0.00011797982811459218	0.00014058505145325738	4.937871878714062e-07	0.000143502705236207	2.6962598238082567e-05	3.702461640151009e-06
NONMEVIPP-PWY	9.678919510389614e-05	0.00013000428013138675	0.00014157053705506452	0.00011001665464884117	0.00016113777357067006	0.0001297074841380241	0.00013209386615349242	0.0001112261398705158	0.00010433804429673944
PWY-5121	1.1518999044040243e-05	2.6431103089063766e-05	2.6623659436779212e-05	1.019857472843781e-05	1.42258117767729e-05	7.54583038483715e-05	1.117817602239977e-05	3.981439739321837e-05	0.00010024142413649909
PWY-6270	3.736847469578063e-05	4.0898445068858504e-05	0.00013341442996265824	7.758069377071919e-05	0.00013487838362577612	7.137813660341267e-05	0.000120344125890774	4.315476012721526e-05	3.830469180957226e-05
PWY-7392	6.5660824792174e-06	1.9700632070132116e-05	8.748407962883627e-06	7.414137638705926e-06	7.456278090483265e-06	5.0976867004073876e-05	7.940790465910333e-06	2.682192282683991e-05	3.177936614513095e-05
PWY-7560	3.376962258770996e-05	3.7508445210164756e-05	0.00012897423709389998	0.00011001665464884117	0.00013325369662596444	6.829106510060579e-05	0.00011954895128591731	4.001240608124599e-05	3.52779465848022e-05
PWY-1042	8.8631101649343e-05	0.0001847845404510643	0.0001872122349401824	0.00019808856178576124	0.00021248293016162072	0.0001231365094150008	0.00023953095744672212	0.00016353459730075176	0.00013233550689046049
PWY-5464	6.91226381813285e-05	0.0	0.00017342940276422438	0.00021026735342994775	0.00022516174683440032	4.1787468995296556e-05	0.00023823820466991612	5.046516381981829e-05	3.170072130664229e-05
PWY-5659	2.062014786253193e-05	1.3882368479138695e-05	0.00012264557279872534	2.9402102951543016e-05	0.00010856263295532075	4.1823990076502455e-05	0.00012237629253030623	5.9426429172705956e-05	2.270558718591687e-05
PWY-7323	2.0854317882260256e-05	9.12955183715565e-06	9.741151798937659e-05	1.7729634125468965e-05	3.508960078499092e-05	2.859213085901501e-05	3.683959717177856e-05	4.17659660060643e-05	1.5080880423251934e-05
PWY-6588	3.9990457005061805e-06	5.133140378476304e-06	2.488135266860531e-06	4.5292900432801366e-05	6.585074768816287e-06	1.5093782738413104e-06	1.873012142685285e-05	1.4201516248790951e-05	5.309167249974473e-06
ANAEROFRUCAT-PWY	3.0954564861438184e-05	2.8446044768423325e-05	0.0001389299042920632	0.0001328920422502597	0.00015608688365457228	5.386957600351441e-05	0.00015357030999415327	3.212542301965782e-05	4.28529267449604e-05
ANAGLYCOLYSIS-PWY	0.00011272011245619463	0.0001547994816835377	0.00018722142220216443	0.0001964589353907027	0.0002016788829218166	0.00013799886083814425	0.00020213430517913655	0.00014013695955795213	0.00010770398615494829
GLYCOLYSIS	4.7066933148269125e-05	2.985872389374212e-05	0.00017901092036519522	0.00020196659477857143	0.00018041110330273538	8.782710917269404e-05	0.00017633737383006195	3.6176487325113606e-05	3.9069793867544505e-05
P461-PWY	3.5232259752544236e-06	8.864075110304132e-06	7.743050565451394e-05	7.592641246880722e-05	0.0001316631439434767	1.2700362451750878e-06	9.163791135366711e-05	1.2289413779474304e-05	2.568798493071229e-06
PWY-2221	1.2245200619090352e-06	5.67722183469701e-06	2.832764265917573e-05	6.452808118286404e-05	2.635576143926914e-05	2.9542537608167256e-07	3.192731211192449e-05	2.400387827471398e-06	5.448300290258469e-07
PWY-5484	4.671709146374133e-05	2.9773803934284738e-05	0.0001655864701030152	0.0001814521162213752	0.00016812507428110943	8.700788598900105e-05	0.00016435597091043986	3.4911371282115165e-05	3.905502214491995e-05
PWY-7345	2.8114882569362867e-05	2.5075451741155523e-05	0.00011619467994081577	0.00016705329452579686	0.00017425518327296837	4.5813261335042734e-05	0.00016858356989310556	2.647591804451726e-05	3.562895396619645e-05
PWY66-399	3.128905946740881e-05	2.4858769445216514e-05	5.20228495033132e-05	9.32218425547204e-06	7.907272230423435e-05	2.7140526275788425e-05	9.279795528098563e-06	2.159005710807609e-05	2.927746708305744e-05
PWY-7456	1.5098976019480323e-05	7.427212852392686e-06	8.194228429379949e-05	7.466794530218921e-06	1.8000946596595688e-05	4.0078602370001296e-05	9.66768205384181e-06	5.814034760397405e-05	1.173433333467212e-05
PWY-6572	4.3127215950425186e-07	7.277785070406051e-07	7.372829522864468e-08	1.3822060420084956e-07	1.176690014841409e-07	8.323588877030812e-07	1.1253994802647997e-07	9.236620078871589e-07	6.687084199877799e-07
PWY-6749	1.3168698737767431e-06	6.920773569330032e-07	9.523922821026731e-07	4.030486595937049e-08	4.358872041292866e-08	1.3058898616475435e-07	4.358904434421242e-08	1.5885917311395145e-07	2.1005523839374848e-09
PWY-6386	6.805565825495561e-05	0.0001334821649508684	0.00013073364614250778	0.00012419167089401464	0.00015349854182958192	0.0001254210697009038	0.00016807503876915453	0.00011173344759936455	0.00010052965835182713
FERMENTATION-PWY	2.8839102112806247e-05	2.3345539228242256e-05	0.00014335106326889067	0.0002450308438632801	0.000197492952532308	4.5774443064625325e-05	0.00016858249845129109	3.765609576187311e-05	7.36678692726564e-05
P161-PWY	1.893598559152806e-06	5.54636373319225e-06	6.98470666389404e-05	0.00020636564108510633	0.0002533212632985589	6.52566398585945e-07	0.0002213392999759619	7.798142704448151e-06	1.3672413821552084e-06
PWY0-1297	2.809089527105982e-06	7.946355402567996e-06	7.331066906208991e-05	0.00014224265266894954	0.00014251291332716522	9.82957887928279e-07	0.00017935125720918612	1.1944188998412464e-05	2.0522591044382435e-06
PWY0-1298	2.581517672893036e-05	3.857291225308293e-05	9.561045406204206e-05	0.00011917602836066802	0.00014256278519181719	9.964289290689845e-05	0.00016616886450641279	5.116350506441627e-05	7.024809423855927e-05
PWY0-1477	1.893598559152806e-06	5.54636373319225e-06	6.98470666389404e-05	0.00020636564108510633	0.0002533212632985589	6.52566398585945e-07	0.0002213392999759619	7.798142704448151e-06	1.3672413821552084e-06
PWY4LZ-257	2.2129880466805095e-06	6.029233562980586e-06	5.053288030516377e-05	2.908004764755549e-05	2.3528889789754053e-05	8.103737121510785e-07	1.9202236963872207e-05	9.179174599464757e-06	1.6968197873515194e-06
PWY-7111	4.7694686124538364e-05	9.070939050682843e-05	0.00025246757831977324	0.00028192253931262645	0.00023296333418503106	6.903871674387471e-05	0.0002561749157709154	6.613944432328899e-05	7.88745680597078e-05
VALSYN-PWY	8.752488244741691e-05	0.00013567982220381592	0.00024852511478802493	0.00024897938285403637	0.00022109588960050284	0.00012588635126461618	0.0002613194113089379	0.00015139098364091037	0.00015772782351424633
ILEUSYN-PWY	7.649679621738352e-05	0.0001152830178337841	0.00022409752593954385	0.00019039537456802918	0.00022109588960050284	0.00011130937732234661	0.0002562010514549461	0.0001234519257250441	0.00010521349226090847
PWY-3001	4.1377912205741106e-05	5.6034124185748435e-05	8.61584390158117e-05	0.00015300615182758422	0.0002294839661717562	7.290076623629208e-05	0.00023491616794938546	7.35328226403178e-05	5.9863430208343964e-05
PWY-5103	6.872523563246278e-05	0.00010306175466175776	0.00020394294745793153	0.00015972934098922937	0.00020136203570602848	0.00010245794965380401	0.00023812778054680355	0.0001099599822039247	8.683261635106441e-05
ARGSYN-PWY	5.279389588656441e-05	3.4509311939820746e-05	0.00011053006392933654	0.00013329072571779716	0.00018513705052288263	0.0001227745607747636	0.00018586373830329955	0.00012089033059211865	7.30460506146967e-05
ARGSYNBSUB-PWY	6.581277984296868e-05	3.2593686991569194e-05	9.505248201169894e-05	0.00012701820903152913	0.0001793234195136625	0.0001382944031657509	0.00018143886454679843	0.00011603388359608494	6.531876568061394e-05
GLUTORN-PWY	2.9795070284776475e-05	2.919671716471307e-05	0.00011482136954431089	0.00014260145477666352	0.00021815611446824988	6.539889353450569e-05	0.00023887390565551932	9.768690890176215e-05	5.3065805758091326e-05
PWY-7400	5.259843146730299e-05	3.4696964127402766e-05	0.0001103187256648473	0.000132582185462527	0.0001846854500917928	0.0001221804748414014	0.00018563504957639894	0.00012105764306545183	7.373300639439958e-05
HSERMETANA-PWY	4.487533650891476e-05	2.54566731110845e-05	0.00012091550199840631	5.045390107884891e-05	7.147555673303805e-05	5.633620296834622e-05	9.088124110599168e-05	6.166775353218598e-05	4.888368587566164e-05
PWY-6151	4.4652990694539864e-05	5.1387035303193584e-05	8.330631857172924e-05	0.00011692068102341693	0.0002045926952721968	0.0001131596482523321	0.0001883013704773717	0.0001323370525049389	6.373945014661191e-05
PWY-6609	0.00011218124002396986	0.00016992000582883237	0.0001530299404688036	0.00012508329340945676	0.00016283241230098414	0.00018548106655069527	0.00020300554514335144	0.00012602244847287038	0.00011833623349027936
PWY-6126	9.198634131331214e-05	3.14424107548394e-05	0.0001761455977124871	0.00012053422334195598	0.00014745306362289656	7.372389127376443e-05	0.0001450836113754292	2.981311501756824e-05	6.482000498219602e-05
PWY-7229	0.00011154165332207509	4.7983297737556484e-05	0.00019390154117685622	0.00012670954366041033	0.00016395561348298254	0.00010015152867168935	0.00015400797171834205	4.4654437225775844e-05	8.234734478655983e-05
PWY-841	5.487185805956415e-05	4.1058684751052354e-05	0.00014602325710117068	0.00012886549588254134	0.00014361693321606053	7.956607586402313e-05	0.00014482204615117218	3.783186465659611e-05	6.227246542351177e-05
PWY-7220	5.667521206817484e-05	1.4813393561764025e-05	0.000143756822426035	0.0001289104517668731	0.0001278688485089788	3.925028027177954e-05	0.00014612539928098226	1.4327930282279799e-05	3.618444155251289e-05
PWY-6123	4.792985125354655e-05	0.00015742890812808349	0.00013464577182509914	0.00010671706712497823	0.00012667021091620776	0.0001099010360269879	0.00013366522817587347	0.00010925791020628011	6.733699324530048e-05
PWY-6124	4.374422739646427e-05	0.0001553381197153323	0.00012860198654714828	9.905818886541388e-05	0.00012392569534704892	0.00010396961816792973	0.00012951878877774355	0.00010722087002405485	6.255551948819228e-05
PWY-7234	4.333871417128102e-05	0.0001367649744483998	7.071936494889266e-05	9.168821749585068e-05	0.00011358310677430463	1.94824440766892e-05	0.00011673184243809466	4.933808577045098e-05	0.0
PWY-6121	4.578139227221459e-05	0.000132844590149087	0.00016496930470477907	0.00018562583123099164	0.00016140782196137006	0.00013737594957372913	0.00015652526402539288	0.00010856781516476234	0.00010239617351328894
PWY-6122	4.141732219854198e-05	0.00013312874455747155	0.00019308588237039427	0.00019258179734437265	0.00019431762842600742	0.00013520516218548214	0.00016454830152618768	0.00010560718139151862	0.0001026521263446805
PWY-6277	4.141732219854198e-05	0.00013312874455747155	0.00019308588237039427	0.00019258179734437265	0.00019431762842600742	0.00013520516218548214	0.00016454830152618768	0.00010560718139151862	0.0001026521263446805
TRNA-CHARGING-PWY	0.00015828776398761163	0.00015718591896817432	0.00015199497383927262	0.00017595551656701797	0.00017341654867254888	0.00015909669055147734	0.000156764201224003	0.00012464721780370956	8.253652803063747e-05
PWY0-1061	2.5290222820839816e-05	8.847086990621607e-06	6.110673753658074e-06	0.00011320251819709276	0.00019579083907328578	1.2841136820157676e-05	0.00022893810393546815	3.612291652732052e-05	2.51854382984752e-05
PWY-6317	2.644518704772692e-05	3.933321107299012e-05	8.396585183082303e-05	0.00012774521211116524	0.00014540343875720017	5.882499003454892e-05	0.00012581397785853694	4.64688691561947e-05	4.9449834105985494e-05
GALACT-GLUCUROCAT-PWY	8.990823533867648e-06	1.00128209539717e-05	7.77650691761835e-05	0.00012958250062059188	3.097415607549694e-05	1.4045028136279964e-05	4.346488145367525e-05	2.9707324098308333e-05	3.4210971337568754e-05
GLYCOCAT-PWY	2.176096181140032e-05	3.857536882079648e-05	8.21704115567865e-05	5.416906820887395e-05	2.2968786253923253e-05	5.03977797730723e-05	2.5966430773367035e-05	6.0700753776674824e-05	2.4884228393773973e-05
TRPSYN-PWY	4.4214167664392434e-05	5.780291718442693e-05	0.00013429644598337244	9.441316824359861e-05	0.00013617790972616156	1.2724709455071385e-05	0.00013461648843358337	5.229528825977627e-05	9.73077251473574e-05
THRESYN-PWY	3.196732036337513e-05	7.052507991193442e-05	0.00015053654362796306	0.00013729538575198757	0.0002372911118338063	6.0128281945300824e-05	0.00022258793771237552	6.188734254613288e-05	8.686262881477184e-05
DAPLYSINESYN-PWY	1.5498541024704773e-05	1.0802906583415851e-05	0.00010998483157647296	0.0001691371952381433	0.0001946983002575061	8.899168084005923e-06	0.00018394398411330994	2.2815734334812915e-05	5.449413092828232e-06
PWY-2942	5.9957257542721106e-05	8.196730545589635e-05	0.00017303086453081292	5.7671601639932905e-05	7.73533288755947e-05	5.0679358672198794e-05	0.00011109805757985916	7.721017953344646e-05	6.320871038730067e-05
PWY-5097	6.192792055744003e-05	0.00011026067188522747	0.00018878115365975398	0.0001574852539496746	0.00018130687803050987	0.00011540644435626786	0.00017083840374244104	9.706651416066144e-05	7.769894742056431e-05
PWY-724	4.8390766893243946e-05	7.562909292543712e-05	0.00016455105156456615	0.0001244282061691252	0.00018007073599923877	7.5331065496144e-05	0.0001621688090514006	7.05436715338428e-05	6.146412378292425e-05
PWY-5686	0.00010961482226884871	0.00014339252227676545	0.0001404623010793282	0.00012847086255343213	0.00019615160911269937	0.0001554430972461318	0.00015782202644657026	0.00011657856378452191	0.00011366272878946447
PWY-7211	6.965663354331961e-05	2.6429243094278045e-05	0.00012113080991938685	0.00012415698532703827	0.00015005012006600942	3.584484727036058e-05	0.00013908432933938577	2.333582529748757e-05	2.969603166643163e-05
PWY-7790	0.00010961482226884871	0.00014339252227676545	0.0001404623010793282	0.00012359912946995004	0.00019615160911269937	0.0001554430972461318	0.00015782202644657026	0.00011657856378452191	0.00011366272878946447
PWY-7791	0.00010961482226884871	0.00014339252227676545	0.0001404623010793282	0.00010987867888447691	0.00019615160911269937	0.0001554430972461318	0.00015782202644657026	0.00011657856378452191	0.00011366272878946447
PWY0-162	8.435576058588812e-05	0.00010969205167780833	0.00013501290099195436	0.0001269761446860285	0.00018352385815591178	7.59436931700147e-05	0.00014804026113438915	4.679789217035055e-05	6.370135829455207e-05
HISTSYN-PWY	2.5668828625759522e-05	4.1362307376976446e-05	0.00013069904313920617	0.00011278435111015471	0.0001559918922906229	0.00010613914526572169	0.0001385776608767555	9.992362418051958e-05	4.928398652598619e-05
GLUCUROCAT-PWY	3.253080595401048e-05	1.9029427032842647e-05	0.0001632829680714173	0.00013164232094597014	3.197302988985756e-05	5.9902307433633804e-05	5.693972845376636e-05	8.225263937527333e-05	5.811830250625857e-05
COBALSYN-PWY	1.2173089148135536e-05	1.3119208069390804e-05	7.713345471214814e-05	0.00011198795928587301	9.411041103650689e-05	6.608754736947709e-05	0.00010078627193068028	3.292428200585492e-05	2.8407914547420973e-05
PWY-5667	6.137414301073719e-05	5.8721093211935155e-05	0.00016375489854614407	0.00013897278714978278	0.00012957152474484101	0.00010823395533370969	0.00015674979101978247	0.00010224975514861934	7.436879117015367e-05
PWY4FS-8	2.2369768475523232e-05	2.4768506646262295e-05	8.16836251147787e-05	0.00013251557722726828	0.00013875119273607474	4.5684882937080143e-05	0.00015443189840163362	7.705763364329256e-05	4.024829146269628e-05
PWY-7196	6.637812118035558e-05	1.743192905695607e-05	0.0001054768689647476	0.00010800129838973325	0.00011051174752658779	4.5477849115770424e-05	0.00012236515188454496	1.7059114765703197e-05	3.7493322961174665e-05
PWY-6545	5.560872951649937e-05	1.672886609703148e-05	4.4607919398941604e-05	7.690322278840039e-05	2.466322728377744e-05	3.983441023468616e-05	3.243770260577429e-05	1.6056498150980827e-05	3.1316345121456976e-05
PWY-7184	5.9850908384097805e-05	1.689523303951882e-05	0.0001449975204352606	0.00012813586167484533	0.00013304996595075248	4.350311903980556e-05	0.00014884447091812576	1.6173563807159843e-05	3.850443142079452e-05
PWY-7198	5.505455676478531e-06	4.289140983786375e-06	5.307548254570142e-06	6.93164794658081e-05	1.897957469903741e-05	4.005940180532108e-06	1.2595355636986312e-05	3.670501341912395e-06	5.535146045460151e-06
PWY-7210	7.069196502527043e-06	5.024741378887249e-06	6.9881537649138315e-06	7.862725170411945e-05	2.395911699692054e-05	5.108017136582055e-06	1.6295667132736348e-05	4.3716019057790325e-06	6.9510173407938366e-06
PWY0-166	6.158793000397073e-05	1.8828636484763345e-05	0.00014037069829981707	0.00011960405199567323	0.0001312437211988316	4.7037452944884857e-05	0.00014369194405911885	1.7756881113343255e-05	4.000051022995434e-05
PWY-1269	4.47053480312659e-05	4.5426714003226946e-05	0.00011326896508910902	0.00011616497611521097	0.00013441129001302846	5.964725256994857e-05	0.00015987069229221677	1.2726099026864515e-05	3.5835445543390794e-05
PWY-7185	3.856516922682466e-06	3.3388678083141108e-06	3.602353281209837e-06	6.58968612596628e-05	1.3687629529991432e-05	2.809856186292876e-06	8.790936084710562e-06	2.806514850786467e-06	3.96424705639373e-06
PWY-6731	9.188866639266709e-06	2.71887045704449e-05	8.714784954599557e-05	9.940484366917456e-05	4.004752540187414e-06	3.388738527183986e-05	3.749473650342742e-05	4.259030869080995e-05	2.9326461757362964e-05
PWY-7200	5.6557148098072143e-05	1.5308394576202342e-05	0.00010474037562403398	8.435369773296949e-05	0.000108685838011475	3.9499833605589093e-05	0.0001153344035350701	1.4734491308518991e-05	3.7397360229173606e-05
PEPTIDOGLYCANSYN-PWY	7.186255248698084e-05	0.00014330883003461182	0.0001731339360361675	0.00015648257109690522	0.00016092720552523434	0.0001312619177533143	0.00017702434509520943	0.00011646006792701919	0.00011946891276878692
PWY-6387	6.812842675020647e-05	0.00014037939210522968	0.00017524194393884581	0.0001543583673709234	0.0001668235679845813	0.00012899896414921718	0.00018508572634583922	0.00011003476417869065	0.0001100703917646486
COA-PWY	4.1542918986906047e-05	0.00010382679882013041	8.536096861958001e-05	8.548413507267536e-05	0.00011500200629824167	0.00012050330029566889	0.00015125914636366852	9.068787157444702e-05	0.00010233412486809885
COA-PWY-1	9.342781900730995e-05	0.00010606269789439664	0.00011964534902120306	9.812291154075452e-05	0.0001518302648403295	0.00014556175148416322	0.0001621757348387996	0.00010433345863470676	9.478976304551733e-05
PWY-6125	7.005844198401343e-05	2.1636207084004544e-05	0.000145541020945411	0.00012963643350548504	0.000139827286156831	5.315234426881729e-05	0.00015106974118218584	2.0570952932207218e-05	5.0825724328970354e-05
PWY-7222	5.667521206817484e-05	1.4813393561764025e-05	0.000143756822426035	0.0001289104517668731	0.0001278688485089788	3.925028027177954e-05	0.00014612539928098226	1.4327930282279799e-05	3.618444155251289e-05
PWY-7228	7.730973375201057e-05	2.6555014790752366e-05	0.00015936444571648998	0.00013864893131827863	0.00015312256529182954	6.20749983148434e-05	0.00016195557500709416	2.501513443751858e-05	5.8481655161959885e-05
PWY-6168	1.0275511175605444e-05	6.6755538844208975e-06	0.00012537076233775808	8.173257169630825e-05	7.685663920045762e-05	1.7805090835314527e-05	2.5926530813972183e-05	2.9969851414084926e-05	1.3225090972391832e-05
RIBOSYN2-PWY	3.9549898572324435e-05	8.333836540604268e-05	0.00015464365580951085	9.335349013893959e-05	0.00014605528779312358	8.88891421311879e-05	0.00012757725624105412	7.557871696433844e-05	5.000432580578023e-05
DTDPRHAMSYN-PWY	8.92878751377043e-05	0.00025395254892434207	0.0002298793307794822	7.199162713594771e-05	7.387246405674171e-05	0.00020920758625511497	0.00015975694477747597	0.00012154853315864897	0.00012391752661310425
PWY-6892	7.969226381027986e-06	2.8821107203207927e-05	5.183046775244196e-05	9.852593541876256e-05	0.00015269480716790997	3.973715459746453e-05	0.00017680099530212453	4.3430942692195365e-05	5.459878267251025e-05
PWY0-845	2.2119974882699628e-05	2.618305166432043e-05	0.00010380354763909216	0.00011709528330061044	0.00014916414270901382	3.477953703984732e-05	0.00014776437257569397	2.4340772222445196e-05	4.703516782111732e-05
PYRIDOXSYN-PWY	2.79987890515834e-05	2.8951408473454098e-05	0.00010235553957008529	8.7490180645761e-05	0.00011889836915579025	3.259120613987253e-05	0.00011870680825119806	2.209089163215854e-05	4.030792436576953e-05
THISYN-PWY	2.752132559192851e-05	7.391178549256599e-05	7.601302531358351e-05	0.0001002716461053882	0.0001479737725640739	6.662674816870612e-05	0.00016654055877723584	7.061222331767328e-05	5.060499596274313e-05
P164-PWY	3.953516744381841e-06	2.822840097849851e-06	7.793856813162659e-06	7.539167546048514e-06	2.035791346906388e-05	2.6329871413055704e-06	1.7136852235736554e-05	4.7819269127732955e-06	5.685026090882146e-06
POLYISOPRENSYN-PWY	5.717403197435549e-06	1.2086290568340641e-05	6.443743373396555e-05	0.00012176226906567912	8.817990240594687e-05	3.601410962921216e-05	0.00010087994114000937	1.7867041440654456e-05	2.3703450346168204e-05
PWY-6859	2.7902547516173478e-06	8.607886551285972e-06	3.458511505023811e-06	3.9939057853704025e-06	3.2985677535768285e-06	2.467197950597753e-05	3.989100527571681e-06	1.1760746195897447e-05	1.327507265510889e-05
PWY-5384	8.924166813823739e-06	1.535965779229888e-05	4.5066029728367193e-05	0.000214599528403865	0.0002241509686574992	2.281487664945083e-05	0.00020911604579415972	1.8388371057160032e-05	5.063349424616962e-05
PWY-6531	2.430577914261477e-06	2.6399429731532078e-06	3.611443804332258e-05	0.00019166886158191303	2.5426663374722826e-05	8.57077865432993e-06	1.2518200901189008e-05	1.1223553300286458e-05	1.398120995591561e-05
PWY-5690	6.664104292020842e-05	6.98299836887003e-05	0.00015935613023278716	0.00027288238291556553	0.00033641299284367876	5.141089400148417e-05	0.00030558316698559425	3.411172013063474e-05	5.8479574303181265e-05
TCA	5.914989300267201e-05	0.0	0.00014738228639157866	0.00021245685073508782	0.00021646959551282542	3.057727022762229e-05	0.0002047144962989006	3.7697668206647236e-05	2.2587757861469045e-05
GLUDEG-I-PWY	3.291998695276439e-06	2.316289733863118e-06	5.522785442253588e-06	1.5999241260145465e-05	8.7016190093191e-06	1.5838451152766417e-05	2.005853022480239e-07	5.922589707106687e-06	2.4786257051674427e-05
PWY-6527	8.509038707302617e-05	5.22315239256769e-05	0.00012206194751136663	0.00014330425346166815	0.000135689156783793	0.0001239420316160482	0.0001266545005260142	6.265233085565617e-05	6.640425900217039e-05
PWY-7328	9.290016218676075e-06	2.740563623264972e-05	1.0897863098582878e-05	1.9945420539576217e-06	9.092085684591076e-06	2.9255268125285775e-05	3.5097904530132085e-06	6.35152841695789e-05	4.7247426939271524e-05
PPGPPMET-PWY	2.7388568899587313e-05	1.7304425794224392e-05	2.1588046682520558e-05	4.881048460007258e-05	0.00015335393400168874	1.4907402107698385e-06	0.00016337904696348652	2.3124012673992605e-06	3.708993744391111e-05
PWY-7221	0.00011164017677211116	0.00012424116574864504	0.00015638873460611442	0.00013845192068681636	0.00017919137819427945	0.00013841776575902523	0.00016194689852593356	8.340995120197686e-05	0.00014626755415330663
GLYCOGENSYNTH-PWY	6.770891584477215e-05	2.9301019458117046e-05	8.47426261402535e-05	0.0001753750965828945	0.00020840201591327027	0.00014896312827310926	0.00021291211333394992	0.00010401626490159135	7.026220179319692e-05
PWY-5188	9.372468546158731e-06	6.620443867075651e-06	4.18974412712701e-05	0.00013532284941989296	0.00014352454582474824	8.08355076731867e-06	0.0001431033000038988	9.495263986857097e-06	9.270176166337302e-06
ARGININE-SYN4-PWY	2.4668790577607355e-05	4.3466266161065064e-05	5.732362021248529e-06	1.5833858493837616e-05	1.1104796876103035e-05	6.050788657851256e-05	1.944556175167213e-05	3.875918618964651e-05	6.092745532473091e-05
PWY-5505	1.722403102807704e-05	1.0130695239601606e-05	5.9122095467603565e-06	1.951407633274566e-05	9.94497258314443e-06	4.1695213509920145e-05	1.613603786180914e-05	4.1077983431141534e-05	1.6673245832469918e-05
PWY-5030	2.023585650713672e-05	0.00011625646149052764	2.8951304660761955e-05	5.658656299918048e-06	9.926735338692592e-05	3.600361766596069e-05	1.0752635921906316e-05	4.07660204709101e-05	0.00013421370952441022
PWY-6549	2.3789094999732035e-05	2.316119475770519e-05	1.750606583301579e-05	2.3469995627122042e-05	1.6678079197295334e-05	3.527173397788953e-05	2.0972740087947136e-05	3.392623630837654e-05	1.782807823583261e-05
PWY-4041	1.353660581131045e-05	1.38972306465332e-05	8.753001649295827e-05	0.000171071121546221	0.00020109198801944306	2.1180108222261658e-05	0.00020490949502645884	1.5302045343993266e-05	1.6032460278315003e-05
PWY-5941	2.3013264402856876e-05	5.6491126091468916e-05	0.0001535777859081238	0.0003108058221540737	0.00034905964400343183	6.56842411271676e-05	0.00031378540268044744	0.0001354685516577827	8.332425155752751e-05
SER-GLYSYN-PWY	2.397572189593797e-05	0.00011671546086928848	0.00014784816414029856	0.00012434807457106052	0.00020403117273301206	6.362030170538197e-05	0.00020059420904087227	5.182015056149439e-05	7.173220973631944e-05
PWY-6147	1.712192191473427e-05	0.00011447969372833136	7.714065110624743e-05	9.538795976030018e-05	0.00015073312158730417	5.113875799296355e-05	0.00014760573531054542	5.1970657657399065e-05	9.36460312693044e-06
PWY-6703	9.127070038129717e-05	7.312812754465425e-05	0.0001163375475209422	8.755013298634332e-05	0.00015365863594815998	5.908777626017834e-05	0.00014054766177542158	4.40856715347829e-05	6.870298270747035e-05
PWY-7991	6.134042964913423e-05	6.830861337420917e-05	0.0001621708146440557	9.219210134724524e-05	0.00011178482367667443	4.71074436226359e-05	0.00010223626422414697	6.334027679601365e-05	7.918460828879116e-05
PWY-6606	4.441220274695552e-06	2.997161590562698e-06	5.590476123018958e-06	2.0951228236017906e-06	1.9336964870572982e-05	3.5867281958975057e-06	1.088031357861643e-05	1.107560563306053e-05	1.0699665119761517e-05
HISDEG-PWY	2.9086357418274823e-05	0.00013501763036866937	6.883784182567139e-05	7.542998413300034e-06	0.00011107483719691313	4.2314748028848514e-05	0.00010555922816768314	6.202933445926364e-05	0.00017245672902939645
PWY-702	7.505260412183603e-07	4.3764427376823855e-06	2.069021916114189e-05	6.238082914210977e-05	0.0001797560673108879	6.687440745535259e-08	0.00013861967827970615	4.989840003823877e-06	9.347777455694936e-06
PWY-5695	4.561595503719587e-05	0.00014164681637570173	0.00018454675059680073	0.00016106625481412186	0.00018211549369287545	8.636143211278747e-05	0.00016928000151232253	7.615377684978287e-05	0.00010422195723218705
PYRIDNUCSYN-PWY	8.037266243624981e-05	0.00012794209103000496	0.00012527339224425402	0.00011503447537735571	0.00014443400909207503	4.964097466808643e-05	0.00014312422005627415	7.436052315325802e-05	6.152927091195105e-05
NAGLIPASYN-PWY	4.240872006163447e-06	2.5026387075979488e-05	0.00012351236650075885	0.00013722061959993038	0.000135967995655098	4.201811265753189e-05	0.00013028569856748367	4.3800355177316913e-05	1.4079887455653766e-05
PWY-5130	4.995159009348682e-06	9.923731182608497e-05	5.225992760707435e-05	7.174867907706151e-06	1.4565861311578871e-05	1.8334511769383145e-05	1.9665609733923235e-05	2.3690008269355417e-05	9.639586153563348e-06
PWY-7761	2.3079727502924568e-05	1.7872484125080435e-05	5.863550579895271e-05	2.9698737227934003e-05	4.0043391336114944e-05	4.442746942873391e-05	3.629070459278344e-05	2.8836503813742454e-05	3.7517766144089644e-05
PYRIDNUCSAL-PWY	2.6235233109529938e-05	1.9916269343647883e-05	5.604114943609995e-05	2.5694628452186116e-05	4.5289141402513e-05	5.005256081953575e-05	4.176647724269646e-05	3.1652839141933357e-05	4.3248699076114735e-05
PWY-5189	6.682818849609277e-06	4.752982212748362e-06	3.26191288861233e-05	0.00011850873254388808	0.00013171974878693288	5.810523068436659e-06	0.00013816510821936746	6.892220582023607e-06	6.6389777340826545e-06
PWY-6897	4.806508729506357e-05	5.6256554628182504e-05	8.322971270210926e-05	8.661083299401419e-05	0.0001326652408417022	6.778972565892971e-05	0.00015236418309443956	8.57505856936305e-05	4.79005658761696e-05
PWY-7357	4.3123458796897385e-05	3.950756900057835e-05	7.009771921829876e-05	7.135744027120335e-05	0.00013790054793887945	6.701017195820008e-05	0.00015620999007664725	0.00010108865811816162	6.484110836698045e-05
PWY-7238	0.00010632156675823403	7.288776113626046e-05	0.00015506300508290937	0.00023607783286525987	0.00028162028659800434	0.00019248733142560636	0.0002471500446105186	0.0001505642734254691	6.435465019722402e-05
LIPASYN-PWY	7.610101399999994e-07	8.449488e-08	1.8357285380000064e-06	1.399388020000002e-06	1.0079008400000006e-06	4.626921800000007e-07	4.1594710000000003e-07	2.3665707999999997e-07	7.10212e-08
PWY-7282	2.0595672204467824e-05	4.037539635756283e-05	5.6902563582773906e-05	0.00010488316026745872	0.00015561699012078706	5.063617836356491e-05	0.00014159226983202755	4.218720209145247e-05	4.994292752236753e-05
RHAMCAT-PWY	1.4380390398864804e-05	2.1142524665553206e-05	8.248504213468357e-05	0.00012319644886343587	0.00012109007811628373	2.6405444027691872e-05	0.0001819915764385797	3.451029113948278e-05	3.647078755325716e-05
PWY-6282	6.019634639744217e-05	8.266197694620453e-05	0.0001536586113810607	0.00012152866415022899	0.0001833740963411102	5.478107688585439e-05	0.00018316326525826535	7.72508692012995e-05	6.191685638315568e-05
PWY-6478	1.0737073073290799e-08	1.0668096190753951e-08	2.3726844865888574e-08	4.0335166835263084e-08	3.137862942317315e-07	1.97467490948446e-08	1.8127407518516198e-07	1.1797794319845676e-08	1.6366831151999924e-07
PWY-6519	1.7555905862033433e-05	3.903858089895778e-05	7.29423593171803e-05	0.00011919808503665722	0.00012425784685755857	5.3973745538497874e-05	0.00011905169990459796	5.468026832348269e-05	6.1881990555243e-05
PWY-6700	0.00011860656558913917	9.589362520940183e-05	7.85488254997565e-05	0.00011808230819231494	0.000159094689532636	0.00012110734757203659	0.00016793278615444932	0.00010602795196253282	0.00010237122258883656
PWY-6807	4.510394635427065e-07	7.114004652047481e-07	1.3229098856159611e-06	1.288205863133784e-07	6.305550413342977e-07	6.026744796192626e-07	6.058565455785433e-07	3.934043623443983e-07	5.0071925157404945e-05
PWY-6936	2.9741969738587857e-05	1.784023078878998e-05	0.00011853818106648099	0.00020654327832831694	0.00017932973359552405	1.5974064001996018e-05	0.0002232565821287443	1.4136199342985718e-05	2.807718680007203e-05
PWY-5989	8.520419819133353e-06	1.857162882013836e-05	0.00015207865095136168	0.0001287699855691323	0.00017663095476510302	2.661072745280769e-05	0.00017822875634948833	2.5164782679641223e-05	3.5200699448460985e-05
PWY-7664	6.22661707383123e-05	8.603872078132906e-05	0.00016127373899041622	0.0001292401969203882	0.00019045599270309303	5.867021134696105e-05	0.00018426950370637016	8.152939853586216e-05	6.491447835320138e-05
PWY0-1586	1.0976869524764326e-05	4.955204486237826e-05	0.00021643378997997014	0.0006209684965503164	0.00046091046536413756	5.6807363724243114e-05	0.00048819589534076005	0.00010817081361686673	7.033337273957e-05
PWY-8073	4.240872006163447e-06	2.5026387075979488e-05	0.00012351236650075885	0.00013722061959993038	0.000135967995655098	4.201811265753189e-05	0.00013028569856748367	4.3800355177316913e-05	1.4079887455653766e-05
PWY0-862	6.039497626156692e-05	8.413293396008567e-05	0.00015035719294359082	0.00012036830924186712	0.00017751547493997016	5.833639927859306e-05	0.00017142720686147192	7.902150411665284e-05	6.197790315420616e-05
PWY66-389	9.439220876971499e-07	4.511043523058819e-06	2.4525984636127478e-05	6.602267350794234e-05	2.1881961307674237e-05	2.3604619066918784e-07	2.662773947072836e-05	1.8909090601059164e-06	4.3604248168772604e-07
BIOTIN-BIOSYNTHESIS-PWY	0.0	3.380734172280451e-05	8.34861947660953e-05	0.0001226465815486561	0.00012653823562813602	4.686871248322142e-05	0.00011963622372396092	5.2161047950705985e-05	6.917412170498794e-05
